,address,walk,gaikan,price,rimawari
0,東京都練馬区桜台1丁目,['西武池袋線 桜台駅 徒歩4分'],https://image.homes.co.jp/smallimg/image.php?file=http%3A%2F%2Fimg.homes.jp%2Fezyn2rgvvclyivx.jpg&width=123&height=80,"1億7,380万円",6.03
1,神奈川県横浜市栄区飯島町,['JR京浜東北・根岸線 大船駅 バス10分 江ノ電バス「殿谷」下車 徒歩2分'],https://image.homes.co.jp/smallimg/image.php?file=http%3A%2F%2Fimg.homes.jp%2Facyw2rr48o0f7x9.jpg&width=123&height=80,"1億7,000万円",7.75
2,兵庫県西宮市染殿町,['阪神本線 西宮駅 徒歩6分'],https://image.homes.co.jp/smallimg/image.php?file=http%3A%2F%2Fimg.homes.jp%2Fosez2rrl7nyyblt.jpg&width=123&height=80,"2億8,500万円",4.48
3,東京都練馬区豊玉北4丁目,['西武池袋線 練馬駅 徒歩8分'],https://image.homes.co.jp/smallimg/image.php?file=http%3A%2F%2Fimg.homes.jp%2Fzv3m2rr2ez1wpq6.jpg&width=123&height=80,"2億4,800万円",6.33
